[
  {
    "Index": 1,
    "IsActive": false,
    "Condition": 40,
    "Comparison": 1,
    "Value": 5,
    "IsOpenList": false,
    "GroupTabData": {
      "groupIndex": 0,
      "tabIndex": 0
    },
    "Action": 18001,
    "Side": 1,
    "Target": 4001
  },
  {
    "Index": 2,
    "IsActive": true,
    "Condition": 0,
    "Comparison": 3,
    "Value": 0,
    "IsOpenList": false,
    "GroupTabData": {
      "groupIndex": 0,
      "tabIndex": 0
    },
    "Action": 12003,
    "Side": 0,
    "Target": 3001
  }
]