[
  {
    "Index": 1,
    "IsActive": true,
    "Condition": 30,
    "Comparison": 2,
    "ValuesCsv": "0",
    "Action": 11013,
    "Side": 1,
    "Target": 3005
  },
  {
    "Index": 2,
    "IsActive": true,
    "Condition": 103,
    "Comparison": 4,
    "ValuesCsv": "1",
    "Action": 11012,
    "Side": 1,
    "Target": 3014
  },
  {
    "Index": 3,
    "IsActive": true,
    "Condition": 104,
    "Comparison": 4,
    "ValuesCsv": "2",
    "Action": 11012,
    "Side": 1,
    "Target": 3013
  },
  {
    "Index": 4,
    "IsActive": true,
    "Condition": 102,
    "Comparison": 0,
    "ValuesCsv": "10015,10026,11002,10031,10010,11002,12024,13003,13021,13025,13005",
    "Action": 11012,
    "Side": 0,
    "Target": 3018
  },
  {
    "Index": 5,
    "IsActive": true,
    "Condition": 100,
    "Comparison": 0,
    "ValuesCsv": "50611,50612",
    "Action": 13002,
    "Side": 0,
    "Target": 3016
  },
  {
    "Index": 6,
    "IsActive": true,
    "Condition": 30,
    "Comparison": 2,
    "ValuesCsv": "60",
    "Action": 11010,
    "Side": 1,
    "Target": 3004
  },
  {
    "Index": 7,
    "IsActive": true,
    "Condition": 31,
    "Comparison": 2,
    "ValuesCsv": "60",
    "Action": 11009,
    "Side": 1,
    "Target": 3004
  },
  {
    "Index": 8,
    "IsActive": true,
    "Condition": 0,
    "Comparison": 3,
    "ValuesCsv": "2",
    "Action": 12014,
    "Side": 0,
    "Target": 3001
  },
  {
    "Index": 9,
    "IsActive": true,
    "Condition": 0,
    "Comparison": 2,
    "ValuesCsv": "2",
    "Action": 12011,
    "Side": 0,
    "Target": 3001
  }
]